{
    "train": {
        "epoch": {
            "loss": 0.23532453179359436
        },
        "step": {
            "loss": 0.4061802327632904
        }
    },
    "epoch": 201,
    "step": 5601,
    "val": {
        "dice": 0.7874059081077576,
        "hausdorff": 29.756948471069336,
        "iou": 0.6517578363418579,
        "precision": 0.8345203995704651,
        "recall": 0.7488704919815063,
        "cldice": 0.8692209124565125,
        "betti_0": 10.819999694824219,
        "betti_1": 10.119999885559082,
        "loss": 0.11118823289871216
    },
    "test": {
        "mean_dice": 0.7882513403892517,
        "mean_hausdorff": 36.43324279785156,
        "mean_iou": 0.6532045602798462,
        "mean_precision": 0.8038570284843445,
        "mean_recall": 0.7778173089027405,
        "mean_cldice": 0.8622499704360962,
        "mean_betti_0": 10.619999885559082,
        "mean_betti_1": 10.039999961853027
    }
}
